src,directory
https://i.redd.it/rdhig6tsgj941.jpg,memeeconomy
https://preview.redd.it/rlg1z6o5ef941.jpg?width=640&crop=smart&auto=webp&s=7a063b7fe845ca0366208e9f2e84b8b59359c75c,memeeconomy
https://preview.redd.it/wpd6jo4dzm941.png?width=640&crop=smart&auto=webp&s=aa0484900afdf3a06b9296fc3f0f0d4e0e91fcc7,memeeconomy
https://preview.redd.it/zznrfqka0o941.jpg?width=640&crop=smart&auto=webp&s=e44b3c73e481a821234a98b7a5918ecca996e377,memeeconomy
https://preview.redd.it/hj12nwnupk941.jpg?width=640&crop=smart&auto=webp&s=764789c2e4a786d35e66caaf5e83467f43c53e50,memeeconomy
https://preview.redd.it/3wrw57eq9o941.jpg?width=640&crop=smart&auto=webp&s=d7f9a60175ee62fc4bc98b7f4d455fea54189876,memeeconomy
https://preview.redd.it/ac524xg51o941.jpg?width=640&crop=smart&auto=webp&s=d5d3916faa79dc3d9220a48695301efc48dec8e0,memeeconomy
https://preview.redd.it/g5tlgi8c8n941.jpg?width=640&crop=smart&auto=webp&s=f9222c0150eaabadebd8c59728157e1a81aae3b7,libertarianmeme
https://preview.redd.it/1lnm4iqwcl941.jpg?width=640&crop=smart&auto=webp&s=dc863b3b4616ec11c839cfeb2a613b3ee81702de,libertarianmeme
https://preview.redd.it/z283d930mj941.jpg?width=640&crop=smart&auto=webp&s=3866acc42a8b14b5d1524f0b3a8ae5e475265f65,libertarianmeme
https://preview.redd.it/sv95blyfpl941.jpg?width=640&crop=smart&auto=webp&s=f4f4c8fed7a832ffc218d690fa53555c1d118e25,libertarianmeme
https://preview.redd.it/t1hgbz6ckl941.jpg?width=640&crop=smart&auto=webp&s=8f13a5fb2b2fa805f15a7a4c953decbafdc2cc18,libertarianmeme
https://external-preview.redd.it/C7nerNtUsRUB3hEUfqjGBYiNZyoPY6N27z9Z1IBA0sg.jpg?width=640&crop=smart&auto=webp&s=d077024868ccc1830d7680494bebfc32ffcda9af,libertarianmeme
https://i.redd.it/mu81bxjqsm941.jpg,libertarianmeme
https://preview.redd.it/bfzaqwocmk941.jpg?width=640&crop=smart&auto=webp&s=8dc60bafa453dab20de3106abd817b2c0c151846,libertarianmeme
https://preview.redd.it/lwx1y37s0n941.jpg?width=640&crop=smart&auto=webp&s=a9334717123c43995695503a31e8d0a9e0bb0c4c,dankmemes
https://preview.redd.it/h0i1v82hjm941.png?width=640&crop=smart&auto=webp&s=43bf4772fa5d3037ef6ae636f92fe1d45af2f90c,dankmemes
https://preview.redd.it/p0c4xg6e7m941.jpg?width=640&crop=smart&auto=webp&s=b96e01bc6223b4ef0a9d9ef5ddd39d1eece33d1a,dankmemes
https://preview.redd.it/uliajt7afl941.jpg?width=640&crop=smart&auto=webp&s=92fb205aeab7ba810ad6abc1150abb2a6b94f940,dankmemes
https://i.redd.it/z89ixftsul941.png,dankmemes
src,directory
https://i.redd.it/rdhig6tsgj941.jpg,memeeconomy
https://preview.redd.it/rlg1z6o5ef941.jpg?width=640&crop=smart&auto=webp&s=7a063b7fe845ca0366208e9f2e84b8b59359c75c,memeeconomy
https://preview.redd.it/wpd6jo4dzm941.png?width=640&crop=smart&auto=webp&s=aa0484900afdf3a06b9296fc3f0f0d4e0e91fcc7,memeeconomy
https://preview.redd.it/zznrfqka0o941.jpg?width=640&crop=smart&auto=webp&s=e44b3c73e481a821234a98b7a5918ecca996e377,memeeconomy
https://preview.redd.it/hj12nwnupk941.jpg?width=640&crop=smart&auto=webp&s=764789c2e4a786d35e66caaf5e83467f43c53e50,memeeconomy
https://preview.redd.it/3wrw57eq9o941.jpg?width=640&crop=smart&auto=webp&s=d7f9a60175ee62fc4bc98b7f4d455fea54189876,memeeconomy
https://preview.redd.it/ac524xg51o941.jpg?width=640&crop=smart&auto=webp&s=d5d3916faa79dc3d9220a48695301efc48dec8e0,memeeconomy
https://preview.redd.it/g5tlgi8c8n941.jpg?width=640&crop=smart&auto=webp&s=f9222c0150eaabadebd8c59728157e1a81aae3b7,libertarianmeme
https://preview.redd.it/1lnm4iqwcl941.jpg?width=640&crop=smart&auto=webp&s=dc863b3b4616ec11c839cfeb2a613b3ee81702de,libertarianmeme
https://preview.redd.it/z283d930mj941.jpg?width=640&crop=smart&auto=webp&s=3866acc42a8b14b5d1524f0b3a8ae5e475265f65,libertarianmeme
https://preview.redd.it/lwx1y37s0n941.jpg?width=640&crop=smart&auto=webp&s=a9334717123c43995695503a31e8d0a9e0bb0c4c,dankmemes
https://preview.redd.it/sv95blyfpl941.jpg?width=640&crop=smart&auto=webp&s=f4f4c8fed7a832ffc218d690fa53555c1d118e25,libertarianmeme
https://preview.redd.it/t1hgbz6ckl941.jpg?width=640&crop=smart&auto=webp&s=8f13a5fb2b2fa805f15a7a4c953decbafdc2cc18,libertarianmeme
https://preview.redd.it/h0i1v82hjm941.png?width=640&crop=smart&auto=webp&s=43bf4772fa5d3037ef6ae636f92fe1d45af2f90c,dankmemes
https://preview.redd.it/p0c4xg6e7m941.jpg?width=640&crop=smart&auto=webp&s=b96e01bc6223b4ef0a9d9ef5ddd39d1eece33d1a,dankmemes
https://preview.redd.it/uliajt7afl941.jpg?width=640&crop=smart&auto=webp&s=92fb205aeab7ba810ad6abc1150abb2a6b94f940,dankmemes
https://external-preview.redd.it/C7nerNtUsRUB3hEUfqjGBYiNZyoPY6N27z9Z1IBA0sg.jpg?width=640&crop=smart&auto=webp&s=d077024868ccc1830d7680494bebfc32ffcda9af,libertarianmeme
https://i.redd.it/z89ixftsul941.png,dankmemes
https://i.redd.it/mu81bxjqsm941.jpg,libertarianmeme
https://preview.redd.it/bfzaqwocmk941.jpg?width=640&crop=smart&auto=webp&s=8dc60bafa453dab20de3106abd817b2c0c151846,libertarianmeme
src,directory
https://i.redd.it/rdhig6tsgj941.jpg,memeeconomy
https://preview.redd.it/rlg1z6o5ef941.jpg?width=640&crop=smart&auto=webp&s=7a063b7fe845ca0366208e9f2e84b8b59359c75c,memeeconomy
https://preview.redd.it/wpd6jo4dzm941.png?width=640&crop=smart&auto=webp&s=aa0484900afdf3a06b9296fc3f0f0d4e0e91fcc7,memeeconomy
https://preview.redd.it/zznrfqka0o941.jpg?width=640&crop=smart&auto=webp&s=e44b3c73e481a821234a98b7a5918ecca996e377,memeeconomy
https://preview.redd.it/g5tlgi8c8n941.jpg?width=640&crop=smart&auto=webp&s=f9222c0150eaabadebd8c59728157e1a81aae3b7,libertarianmeme
https://preview.redd.it/3wrw57eq9o941.jpg?width=640&crop=smart&auto=webp&s=d7f9a60175ee62fc4bc98b7f4d455fea54189876,memeeconomy
https://preview.redd.it/1lnm4iqwcl941.jpg?width=640&crop=smart&auto=webp&s=dc863b3b4616ec11c839cfeb2a613b3ee81702de,libertarianmeme
https://preview.redd.it/hj12nwnupk941.jpg?width=640&crop=smart&auto=webp&s=764789c2e4a786d35e66caaf5e83467f43c53e50,memeeconomy
https://preview.redd.it/z283d930mj941.jpg?width=640&crop=smart&auto=webp&s=3866acc42a8b14b5d1524f0b3a8ae5e475265f65,libertarianmeme
https://preview.redd.it/ac524xg51o941.jpg?width=640&crop=smart&auto=webp&s=d5d3916faa79dc3d9220a48695301efc48dec8e0,memeeconomy
https://preview.redd.it/sv95blyfpl941.jpg?width=640&crop=smart&auto=webp&s=f4f4c8fed7a832ffc218d690fa53555c1d118e25,libertarianmeme
https://preview.redd.it/t1hgbz6ckl941.jpg?width=640&crop=smart&auto=webp&s=8f13a5fb2b2fa805f15a7a4c953decbafdc2cc18,libertarianmeme
https://preview.redd.it/lwx1y37s0n941.jpg?width=640&crop=smart&auto=webp&s=a9334717123c43995695503a31e8d0a9e0bb0c4c,dankmemes
https://external-preview.redd.it/C7nerNtUsRUB3hEUfqjGBYiNZyoPY6N27z9Z1IBA0sg.jpg?width=640&crop=smart&auto=webp&s=d077024868ccc1830d7680494bebfc32ffcda9af,libertarianmeme
https://preview.redd.it/h0i1v82hjm941.png?width=640&crop=smart&auto=webp&s=43bf4772fa5d3037ef6ae636f92fe1d45af2f90c,dankmemes
https://i.redd.it/mu81bxjqsm941.jpg,libertarianmeme
https://preview.redd.it/p0c4xg6e7m941.jpg?width=640&crop=smart&auto=webp&s=b96e01bc6223b4ef0a9d9ef5ddd39d1eece33d1a,dankmemes
https://preview.redd.it/bfzaqwocmk941.jpg?width=640&crop=smart&auto=webp&s=8dc60bafa453dab20de3106abd817b2c0c151846,libertarianmeme
https://preview.redd.it/uliajt7afl941.jpg?width=640&crop=smart&auto=webp&s=92fb205aeab7ba810ad6abc1150abb2a6b94f940,dankmemes
https://i.redd.it/gbmmpegrcn941.jpg,dankmemes
src,directory
https://i.redd.it/rdhig6tsgj941.jpg,memeeconomy
https://preview.redd.it/rlg1z6o5ef941.jpg?width=640&crop=smart&auto=webp&s=7a063b7fe845ca0366208e9f2e84b8b59359c75c,memeeconomy
https://preview.redd.it/wpd6jo4dzm941.png?width=640&crop=smart&auto=webp&s=aa0484900afdf3a06b9296fc3f0f0d4e0e91fcc7,memeeconomy
https://preview.redd.it/zznrfqka0o941.jpg?width=640&crop=smart&auto=webp&s=e44b3c73e481a821234a98b7a5918ecca996e377,memeeconomy
https://preview.redd.it/3wrw57eq9o941.jpg?width=640&crop=smart&auto=webp&s=d7f9a60175ee62fc4bc98b7f4d455fea54189876,memeeconomy
https://preview.redd.it/hj12nwnupk941.jpg?width=640&crop=smart&auto=webp&s=764789c2e4a786d35e66caaf5e83467f43c53e50,memeeconomy
https://preview.redd.it/ac524xg51o941.jpg?width=640&crop=smart&auto=webp&s=d5d3916faa79dc3d9220a48695301efc48dec8e0,memeeconomy
https://preview.redd.it/g5tlgi8c8n941.jpg?width=640&crop=smart&auto=webp&s=f9222c0150eaabadebd8c59728157e1a81aae3b7,libertarianmeme
https://preview.redd.it/1lnm4iqwcl941.jpg?width=640&crop=smart&auto=webp&s=dc863b3b4616ec11c839cfeb2a613b3ee81702de,libertarianmeme
https://preview.redd.it/z283d930mj941.jpg?width=640&crop=smart&auto=webp&s=3866acc42a8b14b5d1524f0b3a8ae5e475265f65,libertarianmeme
https://preview.redd.it/sv95blyfpl941.jpg?width=640&crop=smart&auto=webp&s=f4f4c8fed7a832ffc218d690fa53555c1d118e25,libertarianmeme
https://preview.redd.it/t1hgbz6ckl941.jpg?width=640&crop=smart&auto=webp&s=8f13a5fb2b2fa805f15a7a4c953decbafdc2cc18,libertarianmeme
https://external-preview.redd.it/C7nerNtUsRUB3hEUfqjGBYiNZyoPY6N27z9Z1IBA0sg.jpg?width=640&crop=smart&auto=webp&s=d077024868ccc1830d7680494bebfc32ffcda9af,libertarianmeme
https://i.redd.it/mu81bxjqsm941.jpg,libertarianmeme
https://preview.redd.it/bfzaqwocmk941.jpg?width=640&crop=smart&auto=webp&s=8dc60bafa453dab20de3106abd817b2c0c151846,libertarianmeme
https://preview.redd.it/lwx1y37s0n941.jpg?width=640&crop=smart&auto=webp&s=a9334717123c43995695503a31e8d0a9e0bb0c4c,dankmemes
https://preview.redd.it/h0i1v82hjm941.png?width=640&crop=smart&auto=webp&s=43bf4772fa5d3037ef6ae636f92fe1d45af2f90c,dankmemes
https://i.redd.it/gbmmpegrcn941.jpg,dankmemes
https://preview.redd.it/p0c4xg6e7m941.jpg?width=640&crop=smart&auto=webp&s=b96e01bc6223b4ef0a9d9ef5ddd39d1eece33d1a,dankmemes
https://preview.redd.it/uliajt7afl941.jpg?width=640&crop=smart&auto=webp&s=92fb205aeab7ba810ad6abc1150abb2a6b94f940,dankmemes
src,directory
https://i.redd.it/rdhig6tsgj941.jpg,memeeconomy
https://preview.redd.it/rlg1z6o5ef941.jpg?width=640&crop=smart&auto=webp&s=7a063b7fe845ca0366208e9f2e84b8b59359c75c,memeeconomy
https://preview.redd.it/wpd6jo4dzm941.png?width=640&crop=smart&auto=webp&s=aa0484900afdf3a06b9296fc3f0f0d4e0e91fcc7,memeeconomy
https://preview.redd.it/zznrfqka0o941.jpg?width=640&crop=smart&auto=webp&s=e44b3c73e481a821234a98b7a5918ecca996e377,memeeconomy
https://preview.redd.it/3wrw57eq9o941.jpg?width=640&crop=smart&auto=webp&s=d7f9a60175ee62fc4bc98b7f4d455fea54189876,memeeconomy
https://preview.redd.it/hj12nwnupk941.jpg?width=640&crop=smart&auto=webp&s=764789c2e4a786d35e66caaf5e83467f43c53e50,memeeconomy
https://preview.redd.it/ac524xg51o941.jpg?width=640&crop=smart&auto=webp&s=d5d3916faa79dc3d9220a48695301efc48dec8e0,memeeconomy
https://preview.redd.it/g5tlgi8c8n941.jpg?width=640&crop=smart&auto=webp&s=f9222c0150eaabadebd8c59728157e1a81aae3b7,libertarianmeme
https://preview.redd.it/1lnm4iqwcl941.jpg?width=640&crop=smart&auto=webp&s=dc863b3b4616ec11c839cfeb2a613b3ee81702de,libertarianmeme
https://preview.redd.it/z283d930mj941.jpg?width=640&crop=smart&auto=webp&s=3866acc42a8b14b5d1524f0b3a8ae5e475265f65,libertarianmeme
https://preview.redd.it/sv95blyfpl941.jpg?width=640&crop=smart&auto=webp&s=f4f4c8fed7a832ffc218d690fa53555c1d118e25,libertarianmeme
https://preview.redd.it/t1hgbz6ckl941.jpg?width=640&crop=smart&auto=webp&s=8f13a5fb2b2fa805f15a7a4c953decbafdc2cc18,libertarianmeme
https://external-preview.redd.it/C7nerNtUsRUB3hEUfqjGBYiNZyoPY6N27z9Z1IBA0sg.jpg?width=640&crop=smart&auto=webp&s=d077024868ccc1830d7680494bebfc32ffcda9af,libertarianmeme
https://i.redd.it/mu81bxjqsm941.jpg,libertarianmeme
https://preview.redd.it/bfzaqwocmk941.jpg?width=640&crop=smart&auto=webp&s=8dc60bafa453dab20de3106abd817b2c0c151846,libertarianmeme
https://preview.redd.it/lwx1y37s0n941.jpg?width=640&crop=smart&auto=webp&s=a9334717123c43995695503a31e8d0a9e0bb0c4c,dankmemes
https://preview.redd.it/h0i1v82hjm941.png?width=640&crop=smart&auto=webp&s=43bf4772fa5d3037ef6ae636f92fe1d45af2f90c,dankmemes
https://i.redd.it/gbmmpegrcn941.jpg,dankmemes
https://preview.redd.it/p0c4xg6e7m941.jpg?width=640&crop=smart&auto=webp&s=b96e01bc6223b4ef0a9d9ef5ddd39d1eece33d1a,dankmemes
https://preview.redd.it/uliajt7afl941.jpg?width=640&crop=smart&auto=webp&s=92fb205aeab7ba810ad6abc1150abb2a6b94f940,dankmemes
src,directory
https://i.redd.it/rdhig6tsgj941.jpg,memeeconomy
https://preview.redd.it/rlg1z6o5ef941.jpg?width=640&crop=smart&auto=webp&s=7a063b7fe845ca0366208e9f2e84b8b59359c75c,memeeconomy
https://preview.redd.it/wpd6jo4dzm941.png?width=640&crop=smart&auto=webp&s=aa0484900afdf3a06b9296fc3f0f0d4e0e91fcc7,memeeconomy
https://preview.redd.it/zznrfqka0o941.jpg?width=640&crop=smart&auto=webp&s=e44b3c73e481a821234a98b7a5918ecca996e377,memeeconomy
https://preview.redd.it/3wrw57eq9o941.jpg?width=640&crop=smart&auto=webp&s=d7f9a60175ee62fc4bc98b7f4d455fea54189876,memeeconomy
https://preview.redd.it/hj12nwnupk941.jpg?width=640&crop=smart&auto=webp&s=764789c2e4a786d35e66caaf5e83467f43c53e50,memeeconomy
https://preview.redd.it/ac524xg51o941.jpg?width=640&crop=smart&auto=webp&s=d5d3916faa79dc3d9220a48695301efc48dec8e0,memeeconomy
https://preview.redd.it/g5tlgi8c8n941.jpg?width=640&crop=smart&auto=webp&s=f9222c0150eaabadebd8c59728157e1a81aae3b7,libertarianmeme
https://preview.redd.it/1lnm4iqwcl941.jpg?width=640&crop=smart&auto=webp&s=dc863b3b4616ec11c839cfeb2a613b3ee81702de,libertarianmeme
https://preview.redd.it/z283d930mj941.jpg?width=640&crop=smart&auto=webp&s=3866acc42a8b14b5d1524f0b3a8ae5e475265f65,libertarianmeme
https://preview.redd.it/sv95blyfpl941.jpg?width=640&crop=smart&auto=webp&s=f4f4c8fed7a832ffc218d690fa53555c1d118e25,libertarianmeme
https://preview.redd.it/t1hgbz6ckl941.jpg?width=640&crop=smart&auto=webp&s=8f13a5fb2b2fa805f15a7a4c953decbafdc2cc18,libertarianmeme
https://external-preview.redd.it/C7nerNtUsRUB3hEUfqjGBYiNZyoPY6N27z9Z1IBA0sg.jpg?width=640&crop=smart&auto=webp&s=d077024868ccc1830d7680494bebfc32ffcda9af,libertarianmeme
https://i.redd.it/mu81bxjqsm941.jpg,libertarianmeme
https://preview.redd.it/bfzaqwocmk941.jpg?width=640&crop=smart&auto=webp&s=8dc60bafa453dab20de3106abd817b2c0c151846,libertarianmeme
https://preview.redd.it/lwx1y37s0n941.jpg?width=640&crop=smart&auto=webp&s=a9334717123c43995695503a31e8d0a9e0bb0c4c,dankmemes
https://preview.redd.it/h0i1v82hjm941.png?width=640&crop=smart&auto=webp&s=43bf4772fa5d3037ef6ae636f92fe1d45af2f90c,dankmemes
https://i.redd.it/gbmmpegrcn941.jpg,dankmemes
https://preview.redd.it/p0c4xg6e7m941.jpg?width=640&crop=smart&auto=webp&s=b96e01bc6223b4ef0a9d9ef5ddd39d1eece33d1a,dankmemes
https://preview.redd.it/uliajt7afl941.jpg?width=640&crop=smart&auto=webp&s=92fb205aeab7ba810ad6abc1150abb2a6b94f940,dankmemes
src,directory
https://preview.redd.it/apogixjpqp941.jpg?width=640&crop=smart&auto=webp&s=eb80dae242801a53df1b1e918368b141a8972377,memeeconomy
https://preview.redd.it/5rbjh83w0r941.jpg?width=640&crop=smart&auto=webp&s=640e9c03950db7ebab7124620b7c582f86882156,memeeconomy
https://i.redd.it/rdhig6tsgj941.jpg,memeeconomy
https://preview.redd.it/b414em64uq941.jpg?width=640&crop=smart&auto=webp&s=6c21acd44415ca70467639b697a3d3cb16f4cb72,memeeconomy
https://preview.redd.it/uevwgcc13r941.png?width=640&crop=smart&auto=webp&s=3aad570d23b323aeb8a97d1728c261995ee5c6b0,memeeconomy
https://preview.redd.it/rc0y8ru55r941.png?width=640&crop=smart&auto=webp&s=88e804498469f088f37294f0db79091cfbe3fc04,memeeconomy
https://preview.redd.it/flob7n5eqo941.jpg?width=640&crop=smart&auto=webp&s=5cce2f4c350bc31a0085b862299436655ad7c4de,memeeconomy
https://preview.redd.it/g5tlgi8c8n941.jpg?width=640&crop=smart&auto=webp&s=f9222c0150eaabadebd8c59728157e1a81aae3b7,libertarianmeme
https://preview.redd.it/1lnm4iqwcl941.jpg?width=640&crop=smart&auto=webp&s=dc863b3b4616ec11c839cfeb2a613b3ee81702de,libertarianmeme
https://i.redd.it/nfqtui184p941.jpg,libertarianmeme
https://preview.redd.it/zvj10k1s0p941.jpg?width=640&crop=smart&auto=webp&s=2198385dc4ce8925ad7bae40d43e12b106406fa3,libertarianmeme
https://external-preview.redd.it/cbVkaWr7DQZ1JDf5pD_l53vHkYtbqYBltDGX6_fZsjs.png?width=640&crop=smart&auto=webp&s=f3b4b28b642c5920ca32ce42e7fbea7d47eb5121,libertarianmeme
https://preview.redd.it/dtaob029ko941.jpg?width=640&crop=smart&auto=webp&s=4dd1e8f77097caff6fce824760b916b620d1cb49,libertarianmeme
https://preview.redd.it/z283d930mj941.jpg?width=640&crop=smart&auto=webp&s=3866acc42a8b14b5d1524f0b3a8ae5e475265f65,libertarianmeme
https://preview.redd.it/sv95blyfpl941.jpg?width=640&crop=smart&auto=webp&s=f4f4c8fed7a832ffc218d690fa53555c1d118e25,libertarianmeme
https://preview.redd.it/5a38u1x6yp941.jpg?width=640&crop=smart&auto=webp&s=38d6f16eb61d7f0b36eb0d8ad65317de9d50644f,dankmemes
https://preview.redd.it/5y2eo8vprq941.jpg?width=640&crop=smart&auto=webp&s=e742073ebe7e1b9cda3bd1944d7bd1fefa1211bc,dankmemes
https://preview.redd.it/a1d604kzoq941.jpg?width=640&crop=smart&auto=webp&s=981d60ad5a8734be7a9f62fe37818506738728b8,dankmemes
https://preview.redd.it/y4ha1c192q941.jpg?width=640&crop=smart&auto=webp&s=f42444fed82f624f448e34174d40f499aafe2f8b,dankmemes
https://i.redd.it/y6ucdr4n9q941.jpg,dankmemes
src,directory
https://preview.redd.it/apogixjpqp941.jpg?width=640&crop=smart&auto=webp&s=eb80dae242801a53df1b1e918368b141a8972377,memeeconomy
https://preview.redd.it/5rbjh83w0r941.jpg?width=640&crop=smart&auto=webp&s=640e9c03950db7ebab7124620b7c582f86882156,memeeconomy
https://preview.redd.it/jbow1ayuxs941.png?width=640&crop=smart&auto=webp&s=74d34a9d94e3ed4b0b299c7f670f9f220f073234,memeeconomy
https://i.redd.it/rdhig6tsgj941.jpg,memeeconomy
https://preview.redd.it/uevwgcc13r941.png?width=640&crop=smart&auto=webp&s=3aad570d23b323aeb8a97d1728c261995ee5c6b0,memeeconomy
https://preview.redd.it/d57szulumr941.jpg?width=640&crop=smart&auto=webp&s=5f6c149acead88b522642886c5565337f5e14bd0,memeeconomy
https://preview.redd.it/rc0y8ru55r941.png?width=640&crop=smart&auto=webp&s=88e804498469f088f37294f0db79091cfbe3fc04,memeeconomy
https://preview.redd.it/s31hico0sr941.jpg?width=640&crop=smart&auto=webp&s=f793314c985ccb01e01706d0c9ef4974987f3d08,libertarianmeme
https://preview.redd.it/ixl277ueur941.png?width=640&crop=smart&auto=webp&s=03786f615572ab0b297df5f85c08590e6712a40f,libertarianmeme
https://preview.redd.it/zp4rs5y78s941.jpg?width=640&crop=smart&auto=webp&s=abbb4c56851ea5a466d74dd639e6787bf0be20f2,libertarianmeme
https://preview.redd.it/g5tlgi8c8n941.jpg?width=640&crop=smart&auto=webp&s=f9222c0150eaabadebd8c59728157e1a81aae3b7,libertarianmeme
https://preview.redd.it/3n7pzecprr941.jpg?width=640&crop=smart&auto=webp&s=3733bb6268174ffaa1293c5b62ddb86a797affee,libertarianmeme
https://preview.redd.it/alosvrz1ps941.jpg?width=640&crop=smart&auto=webp&s=0e9ce7139d84940ec2e9cf4befc376fddd1da997,libertarianmeme
https://preview.redd.it/76oe9xxvos941.jpg?width=640&crop=smart&auto=webp&s=35a803889270b988aeff45d5911afb0234113a88,libertarianmeme
https://preview.redd.it/kub46vjnos941.jpg?width=640&crop=smart&auto=webp&s=83de361c78cb4dbdc3d3bb8bb8de78f4b1fee4de,libertarianmeme
https://preview.redd.it/53o0u089qr941.jpg?width=640&crop=smart&auto=webp&s=9226524f6125ebe337e2b5d1b7d6fccfcd58892a,dankmemes
https://preview.redd.it/cu81hvgj3s941.jpg?width=640&crop=smart&auto=webp&s=5f42789b8769869bd20d8f3e6ce8169a39a12da3,dankmemes
https://preview.redd.it/kzw140b6or941.jpg?width=640&crop=smart&auto=webp&s=a32b2648cf472b3ff8ea2860b06bafd0ae63ca2a,dankmemes
https://preview.redd.it/jklq8gx69r941.jpg?width=640&crop=smart&auto=webp&s=167a2a9f6cccdadb9f6d5925fd00a5865669ea3a,dankmemes
https://preview.redd.it/cb1y4grkfr941.jpg?width=640&crop=smart&auto=webp&s=af68db839cf70571d270dfb5f65abdbbfa6445a1,dankmemes
https://i.redd.it/2nrl9055jr941.png,dankmemes
src,directory
https://preview.redd.it/apogixjpqp941.jpg?width=640&crop=smart&auto=webp&s=eb80dae242801a53df1b1e918368b141a8972377,memeeconomy
https://preview.redd.it/5rbjh83w0r941.jpg?width=640&crop=smart&auto=webp&s=640e9c03950db7ebab7124620b7c582f86882156,memeeconomy
https://preview.redd.it/jbow1ayuxs941.png?width=640&crop=smart&auto=webp&s=74d34a9d94e3ed4b0b299c7f670f9f220f073234,memeeconomy
https://i.redd.it/rdhig6tsgj941.jpg,memeeconomy
https://preview.redd.it/uevwgcc13r941.png?width=640&crop=smart&auto=webp&s=3aad570d23b323aeb8a97d1728c261995ee5c6b0,memeeconomy
https://preview.redd.it/d57szulumr941.jpg?width=640&crop=smart&auto=webp&s=5f6c149acead88b522642886c5565337f5e14bd0,memeeconomy
https://preview.redd.it/rc0y8ru55r941.png?width=640&crop=smart&auto=webp&s=88e804498469f088f37294f0db79091cfbe3fc04,memeeconomy
https://preview.redd.it/s31hico0sr941.jpg?width=640&crop=smart&auto=webp&s=f793314c985ccb01e01706d0c9ef4974987f3d08,libertarianmeme
https://preview.redd.it/zp4rs5y78s941.jpg?width=640&crop=smart&auto=webp&s=abbb4c56851ea5a466d74dd639e6787bf0be20f2,libertarianmeme
https://preview.redd.it/g5tlgi8c8n941.jpg?width=640&crop=smart&auto=webp&s=f9222c0150eaabadebd8c59728157e1a81aae3b7,libertarianmeme
https://preview.redd.it/3n7pzecprr941.jpg?width=640&crop=smart&auto=webp&s=3733bb6268174ffaa1293c5b62ddb86a797affee,libertarianmeme
https://preview.redd.it/alosvrz1ps941.jpg?width=640&crop=smart&auto=webp&s=0e9ce7139d84940ec2e9cf4befc376fddd1da997,libertarianmeme
https://preview.redd.it/kub46vjnos941.jpg?width=640&crop=smart&auto=webp&s=83de361c78cb4dbdc3d3bb8bb8de78f4b1fee4de,libertarianmeme
https://preview.redd.it/76oe9xxvos941.jpg?width=640&crop=smart&auto=webp&s=35a803889270b988aeff45d5911afb0234113a88,libertarianmeme
https://external-preview.redd.it/7_1krAQToZuWVjF80dRfXy8r5Q-ClYD-lZ7CvWj0bwg.png?auto=webp&s=5bcad37316112ca49228f8d9019f75e81e9cd928,libertarianmeme
https://preview.redd.it/53o0u089qr941.jpg?width=640&crop=smart&auto=webp&s=9226524f6125ebe337e2b5d1b7d6fccfcd58892a,dankmemes
https://preview.redd.it/cu81hvgj3s941.jpg?width=640&crop=smart&auto=webp&s=5f42789b8769869bd20d8f3e6ce8169a39a12da3,dankmemes
https://preview.redd.it/kzw140b6or941.jpg?width=640&crop=smart&auto=webp&s=a32b2648cf472b3ff8ea2860b06bafd0ae63ca2a,dankmemes
https://preview.redd.it/jklq8gx69r941.jpg?width=640&crop=smart&auto=webp&s=167a2a9f6cccdadb9f6d5925fd00a5865669ea3a,dankmemes
https://preview.redd.it/cb1y4grkfr941.jpg?width=640&crop=smart&auto=webp&s=af68db839cf70571d270dfb5f65abdbbfa6445a1,dankmemes
https://i.redd.it/2nrl9055jr941.png,dankmemes
